planner,scenario,episodes,successes,success_rate,collision_episodes,collision_episode_rate,planning_calls_total,failed_planner_calls_total,total_planning_time_s_sum,planning_time_per_call_s,collision_count_mean,collision_count_std,collision_count_median,collision_count_p95,collision_count_max,executed_path_length_mean,executed_path_length_std,executed_path_length_median,executed_path_length_p95,executed_path_length_max,execution_steps_mean,execution_steps_std,execution_steps_median,execution_steps_p95,execution_steps_max,final_goal_distance_mean,final_goal_distance_std,final_goal_distance_median,final_goal_distance_p95,final_goal_distance_max,planning_calls_mean,planning_calls_std,planning_calls_median,planning_calls_p95,planning_calls_max,failed_planner_calls_mean,failed_planner_calls_std,failed_planner_calls_median,failed_planner_calls_p95,failed_planner_calls_max,replans_mean,replans_std,replans_median,replans_p95,replans_max,total_planning_time_s_mean,total_planning_time_s_std,total_planning_time_s_median,total_planning_time_s_p95,total_planning_time_s_max,maximum_planning_time_s_mean,maximum_planning_time_s_std,maximum_planning_time_s_median,maximum_planning_time_s_p95,maximum_planning_time_s_max,successful_executed_path_length_mean,successful_executed_path_length_std,successful_executed_path_length_median,successful_executed_path_length_p95,successful_executed_path_length_max,planner_unique_midpoint_rejections_sum,planner_unique_midpoint_rejections_mean,planner_unique_midpoint_rejections_max,planner_selection_changes_due_to_midpoint_checking_sum,planner_selection_changes_due_to_midpoint_checking_mean,planner_selection_changes_due_to_midpoint_checking_max,planner_repair_events_sum,planner_repair_events_mean,planner_repair_events_max,planner_recovery_events_sum,planner_recovery_events_mean,planner_recovery_events_max,planner_artificial_obstacles_inserted_sum,planner_artificial_obstacles_inserted_mean,planner_artificial_obstacles_inserted_max,planner_path_reuse_ratio_observations,planner_path_reuse_ratio_mean,planner_path_reuse_ratio_median
apf,A,500,68,0.136,0,0.0,2984,1327,869.4301125409893,0.2913639787335755,0.0,0.0,0.0,0.0,0.0,20.042547776952393,12.066063300278667,16.7828621210704,43.100000000000065,58.40000000000034,200.94,120.60336123625646,168.5,431.0,584.0,21.508376885876547,10.238365463023628,24.252674096637378,32.80414910543109,35.55240611164259,5.968,1.7346452052151622,6.0,9.0,12.0,2.654,1.0660943270782641,3.0,3.0,5.0,5.968,1.7346452052151622,6.0,9.0,12.0,1.7388602250819785,1.2527845427256767,1.5405376845019418,4.074275913197923,5.1836861170031625,0.5763384318799908,0.40818079152260306,0.5124356689993874,1.341766094550803,1.830297124000936,42.186033223948755,4.397115414583112,41.000000000000135,49.360000000000255,58.40000000000034,,,,,,,,,,,,,,,,,,
apf,B,500,30,0.06,1,0.002,2995,1445,1009.5574695170271,0.3370809581025132,0.002,0.044721359549995794,0.0,0.0,1.0,15.969091480039253,10.252777574528743,13.000000000000004,40.33500000000012,66.80000000000027,160.238,102.6061860456262,130.5,403.3499999999997,668.0,25.197855866471276,8.29607613972186,27.50544572756803,33.836551944541775,35.624984095630765,5.99,1.6208498723253904,6.0,9.0,12.0,2.89,0.7530166453248378,3.0,3.0,6.0,5.99,1.6208498723253904,6.0,9.0,12.0,2.019114939034054,1.4099846279222672,1.6341500504995565,4.763404335998617,7.136251029001869,0.6717946643920404,0.45409159909373853,0.5498291745007009,1.5563120308001999,2.067451003000315,44.37908660176393,5.600168615204193,43.30000000000017,51.79317194967723,66.80000000000027,,,,,,,,,,,,,,,,,,
apf,C,500,4,0.008,0,0.0,2982,1522,1230.1730003249177,0.4125328639587249,0.0,0.0,0.0,0.0,0.0,14.175266605949826,9.33969389543457,11.999964614694637,30.13623527427091,99.98670375227064,142.322,93.56505306100465,120.5,302.0,1000.0,27.30308444090333,5.702499911199185,28.430322398563774,34.32333978788664,35.624984095630765,5.964,1.6877205934642163,5.0,9.0,12.0,3.044,0.4271169134036147,3.0,4.0,7.0,5.964,1.6877205934642163,5.0,9.0,12.0,2.460346000649835,1.6980828989549244,2.1261910420016648,5.968830187394629,8.488459499993041,0.8202591382118007,0.5567349738546898,0.7072561554996355,1.9843505348508177,2.801961017001304,49.00020388395365,7.549281294198072,47.05040776790699,57.97500000000044,59.70000000000048,,,,,,,,,,,,,,,,,,
apf,D,500,47,0.094,0,0.0,3061,1390,976.7536584540139,0.3190962621542025,0.0,0.0,0.0,0.0,0.0,18.484151665186385,13.126771163054112,14.472268662938841,44.20000000000017,99.99999999999882,185.372,131.29314298465698,145.0,442.0,1000.0,23.38478723632707,9.449482048759352,26.10619405799709,33.35972708824976,35.55240611164259,6.122,1.7836700810171795,6.0,10.0,13.0,2.78,0.8701231110922834,3.0,3.0,5.0,6.122,1.7836700810171795,6.0,10.0,13.0,1.953507316908028,1.402446572050485,1.5765735410004709,4.797341695301109,7.5667289110024285,0.6518273706119653,0.45242947379599546,0.5413983654998447,1.573503906100631,2.048998649002897,46.75109058920276,11.209875976991851,43.500000000000185,60.94113986481423,99.99999999999882,,,,,,,,,,,,,,,,,,
apf,E,500,13,0.026,1,0.002,3034,1485,1171.7445264388843,0.3862045242053014,0.002,0.044721359549995794,0.0,0.0,1.0,15.203063623286553,9.684634390011238,12.873330451232025,32.8093217770953,99.99999999999854,152.584,96.98587249143995,129.5,329.0,1000.0,26.111760803243957,6.972973646942197,27.675047525397467,34.077563685500834,35.624984095630765,6.068,1.7220065659649655,6.0,9.0,13.0,2.97,0.5742469146961751,3.0,3.0,5.0,6.068,1.7220065659649655,6.0,9.0,13.0,2.3434890528777688,1.5817676098655147,2.0159709324998403,5.472371966943865,7.595906192000257,0.7755444534619382,0.5095646568714132,0.6792324015023041,1.7385347933468427,2.5142344429987133,43.50000000000019,5.008160008093526,43.70000000000013,51.50000000000031,56.00000000000038,,,,,,,,,,,,,,,,,,
astar,A,500,500,1.0,2,0.004,4154,0,20.848649118041955,0.0050189333457010005,0.006,0.09991980752519365,0.0,0.0,2.0,40.53317179747929,2.23764486453578,40.25363251024653,44.00451662320346,58.80292114749656,407.858,22.93673961242304,405.0,445.0,594.0,0.45492044206356486,0.030106795831010058,0.4587587263125117,0.496783961760455,0.4999791792240741,8.308,2.5858284974135604,8.0,13.0,16.0,0.0,0.0,0.0,0.0,0.0,8.308,2.5858284974135604,8.0,13.0,16.0,0.04169729823608391,0.01011597961589163,0.042279070999029444,0.057319218051452445,0.1077326280010311,0.011603719165977916,0.003854665711485853,0.01075166349983185,0.019249794849611094,0.0304491919996507,40.53317179747929,2.23764486453578,40.25363251024653,44.00451662320346,58.80292114749656,,,,,,,,,,,,,,,,,,
astar,B,500,500,1.0,3,0.006,5124,0,25.72056691799296,0.00501962664285577,0.006,0.07730428127734981,0.0,0.0,1.0,41.053583870893775,2.33080434661239,40.66224676591108,45.81705818801315,51.22049117227348,413.798,23.93179176983264,409.5,461.04999999999995,517.0,0.4553901953724599,0.029971730380196134,0.4605664348363438,0.49600452312587473,0.4999498556207845,10.248,2.8898440090761968,10.0,15.0,19.0,0.0,0.0,0.0,0.0,0.0,10.248,2.8898440090761968,10.0,15.0,19.0,0.051441133835985926,0.010549486910190572,0.0506875214996398,0.06910151990241498,0.1027093929969851,0.012229959485961395,0.0038544415654508525,0.011185561500496901,0.020037926250824935,0.0329118150002614,41.053583870893775,2.33080434661239,40.66224676591108,45.81705818801315,51.22049117227348,,,,,,,,,,,,,,,,,,
astar,C,500,500,1.0,5,0.01,6074,0,32.148864054062855,0.005292865336526648,0.014,0.14780965932841317,0.0,0.0,2.0,41.66780862408763,2.577071391295406,41.19795152061059,45.95819106922805,54.410036516057616,420.706,26.456065671630828,416.0,465.0,549.0,0.45414634843062346,0.02890170700705052,0.4574316463266437,0.4956303219555402,0.4999660081855344,12.148,3.2501111434672167,12.0,18.0,24.0,0.0,0.0,0.0,0.0,0.0,12.148,3.2501111434672167,12.0,18.0,24.0,0.06429772810812572,0.011994450422572408,0.0633773355020821,0.08464018225276951,0.1137891180005681,0.013636876248048744,0.003943890447859347,0.012984910499653751,0.02138727015062605,0.0285809090019029,41.66780862408763,2.577071391295406,41.19795152061059,45.95819106922805,54.410036516057616,,,,,,,,,,,,,,,,,,
astar,D,500,500,1.0,2,0.004,4684,0,24.018351679045715,0.005127743740189094,0.004,0.06318214912406725,0.0,0.0,1.0,40.77710060546848,2.122079896932348,40.51212462710934,44.401692950412844,53.167790217724885,410.716,21.861912781385847,408.0,448.04999999999995,539.0,0.45132658892732525,0.029326515561133148,0.45339695401221924,0.49396438600288406,0.4994403727816112,9.368,2.782095633191722,9.0,14.0,21.0,0.0,0.0,0.0,0.0,0.0,9.368,2.782095633191722,9.0,14.0,21.0,0.04803670335809143,0.010400685183942004,0.047363200003019246,0.06444229070038997,0.1207810610030719,0.012233664870065648,0.003916238274034724,0.01124320649796565,0.019530883548941273,0.0282479939996846,40.77710060546848,2.122079896932348,40.51212462710934,44.401692950412844,53.167790217724885,,,,,,,,,,,,,,,,,,
astar,E,500,500,1.0,2,0.004,5557,0,28.535105615133922,0.005134983914906231,0.006,0.09991980752519365,0.0,0.0,2.0,41.35541618209125,2.509337812225726,40.90104744279181,45.91656043609325,52.66749971142044,417.116,25.729254421108518,412.0,465.04999999999995,532.0,0.4556827528978447,0.028804686291523995,0.4607517414986608,0.4961923759803396,0.4998677788676906,11.114,3.0501821621740706,11.0,16.0,22.0,0.0,0.0,0.0,0.0,0.0,11.114,3.0501821621740706,11.0,16.0,22.0,0.05707021123026784,0.011345897860821479,0.0563168459993903,0.07573001884775289,0.1097205420010141,0.013049890962094602,0.004347127597835474,0.01206305600135235,0.021039406750423924,0.0411759199996595,41.35541618209125,2.509337812225726,40.90104744279181,45.91656043609325,52.66749971142044,,,,,,,,,,,,,,,,,,
dstar_lite,A,500,500,1.0,1,0.002,4018,1,108.44363484800488,0.02698945615928444,0.002,0.044721359549995794,0.0,0.0,1.0,40.20568432445431,2.1325719309177944,39.917209883919014,43.746943543019924,54.53580212783914,404.296,21.870918090382773,401.0,440.14999999999986,551.0,0.4670105455803423,0.02677555403208038,0.4734015387947576,0.49750387443790384,0.4999086619568756,8.036,2.5106394845223168,8.0,12.0,16.0,0.002,0.044721359549995794,0.0,0.0,1.0,8.036,2.5106394845223168,8.0,12.0,16.0,0.21688726969600974,0.08453569677142923,0.20555547449930595,0.35561094084969225,1.0341990509996322,0.07856980868803655,0.05221855081608085,0.06794353199984465,0.15029487964984553,0.8555239659999643,40.20568432445431,2.1325719309177944,39.917209883919014,43.746943543019924,54.53580212783914,,,,,,,,,,,,,,,,,,
dstar_lite,B,500,500,1.0,1,0.002,4884,0,116.0522363999371,0.023761719164606288,0.002,0.044721359549995794,0.0,0.0,1.0,40.780307265700614,2.281737221941517,40.39525236768503,45.33854277445087,51.021431027706285,410.612,23.30389665267156,406.0,457.04999999999995,515.0,0.4655120924589137,0.028512783361549957,0.472784163269268,0.49677345478471074,0.4999923737039602,9.768,2.8619149383286113,10.0,15.0,19.0,0.0,0.0,0.0,0.0,0.0,9.768,2.8619149383286113,10.0,15.0,19.0,0.2321044727998742,0.07827864640089308,0.21675004999906375,0.3923966518011184,0.5769665210009407,0.07464163401200491,0.03816055335724482,0.0640400405000036,0.14278393334943754,0.2766104849997646,40.780307265700614,2.281737221941517,40.39525236768503,45.33854277445087,51.021431027706285,,,,,,,,,,,,,,,,,,
dstar_lite,C,500,500,1.0,3,0.006,5748,0,133.36299576490273,0.023201634614631653,0.006,0.07730428127734981,0.0,0.0,1.0,41.44604012203759,2.576385089035313,40.93841658590917,45.884318714454054,53.60046352114816,417.726,26.51749005009928,413.0,464.0,541.0,0.46714786978604184,0.027156804440431545,0.4729149540759011,0.4971002478483109,0.4999339324651812,11.496,3.175239880165463,11.0,17.0,22.0,0.0,0.0,0.0,0.0,0.0,11.496,3.175239880165463,11.0,17.0,22.0,0.2667259915298055,0.08436094876463757,0.25258826349454466,0.4288825586052552,0.5704723980052222,0.0787939502459594,0.03891757528092248,0.07045580699923445,0.1577476217014917,0.2496976160000485,41.44604012203759,2.576385089035313,40.93841658590917,45.884318714454054,53.60046352114816,,,,,,,,,,,,,,,,,,
dstar_lite,D,500,500,1.0,0,0.0,4526,1,114.57607769816241,0.02531508566022148,0.0,0.0,0.0,0.0,0.0,40.54097472317505,2.1980329258656623,40.209091157936285,44.31806875027607,54.61725950857339,407.928,22.59823392109891,405.0,448.0,551.0,0.4652169963488734,0.02708589384084162,0.4710134679166409,0.496630176994505,0.499219949670684,9.052,2.6944045040161515,9.0,14.0,18.0,0.002,0.044721359549995794,0.0,0.0,1.0,9.052,2.6944045040161515,9.0,14.0,18.0,0.2291521553963248,0.08192038854893885,0.2168414725001639,0.3905761817492019,0.9194387630013808,0.07649020862611357,0.047452338027491055,0.06822798800021695,0.13781618774864904,0.83943563199864,40.54097472317505,2.1980329258656623,40.209091157936285,44.31806875027607,54.61725950857339,,,,,,,,,,,,,,,,,,
dstar_lite,E,500,500,1.0,3,0.006,5441,1,123.83580713489937,0.02275975135726877,0.01,0.13392487350558513,0.0,0.0,2.0,41.09357320673643,2.528446925905333,40.65594439952874,45.49591607680481,53.62835255722168,413.994,25.95259212633976,409.0,460.0,543.0,0.46508411433380814,0.028222669106883133,0.47162003291693055,0.4967087179667556,0.499685734818163,10.882,3.0885521379146628,11.0,16.049999999999955,22.0,0.002,0.044721359549995794,0.0,0.0,1.0,10.882,3.0885521379146628,11.0,16.049999999999955,22.0,0.24767161426979875,0.08622225596791729,0.2319808294960239,0.4116129862499292,0.9193809099997452,0.07668137512610698,0.04967508684280666,0.065187287500521,0.15624934495062892,0.7488952710009471,41.09357320673643,2.528446925905333,40.65594439952874,45.49591607680481,53.62835255722168,,,,,,,,,,,,,,,,,,
r2apf,A,500,449,0.898,73,0.146,4349,380,256.9921041420148,0.059092229050819685,0.33,0.9565196598708459,0.0,3.0,7.0,37.78783291652559,6.611496874989602,38.400000000000034,46.12024394719544,51.00000000000033,378.082,65.93616938271234,384.0,462.0,510.0,2.727076039813286,7.002080999935986,0.45283598728208563,23.206812894816633,33.05307815086628,8.698,3.0313650965691012,8.0,14.0,20.0,0.76,1.2318420636345713,0.0,3.0,6.0,8.698,3.0313650965691012,8.0,14.0,20.0,0.5139842082840296,0.25321937917156895,0.47269624149885203,0.9547688177045527,1.459998121003082,0.09950982223996103,0.027023997997738167,0.09435522449984995,0.151611644000377,0.2471085979996132,39.634322696979126,3.154645052224471,38.600000000000136,46.230154890274115,51.00000000000033,4036.0,8.072,26.0,1275.0,2.55,11.0,583.0,1.166,8.0,963.0,1.926,12.0,963.0,1.926,12.0,260.0,0.24269320659499224,0.23821428571428566
r2apf,B,500,425,0.85,79,0.158,5165,466,402.00975799702064,0.0778334478213012,0.382,1.1254373454070528,0.0,3.0,9.0,37.19331288297815,7.2187526433709905,38.30000000000017,45.602510875433964,53.942834000404446,372.198,71.90365127121338,383.0,456.04999999999995,540.0,3.7196806773173594,8.009338495362211,0.45858175644568533,24.476662767752217,31.29112898515761,10.33,3.2567334286444907,10.0,16.0,23.0,0.932,1.3722763149486836,0.0,4.0,6.0,10.33,3.2567334286444907,10.0,16.0,23.0,0.8040195159940413,0.3649038960912297,0.7824893280012475,1.4902506777507367,2.399726672001634,0.13208309948199168,0.02773555023745915,0.12870475850013455,0.17873552609898977,0.2629862379999395,39.798219940175784,3.072794731471466,38.80000000000011,45.780315491897,53.942834000404446,6325.0,12.65,42.0,1863.0,3.726,15.0,617.0,1.234,9.0,1083.0,2.166,12.0,1083.0,2.166,12.0,284.0,0.228151282635689,0.21302910052910046
r2apf,C,500,390,0.78,98,0.196,5967,684,603.6222393183052,0.10116008703172535,0.496,1.2982121203481491,0.0,3.0,10.0,36.66784844009364,9.049636078430735,38.7000000000001,46.725029807816526,58.000000000000455,367.044,90.17401382626305,387.0,468.0999999999999,580.0,5.540310417432016,9.903303181878556,0.4665316075823674,28.75648700523689,32.08068117455158,11.934,3.492569266336792,12.0,19.0,23.0,1.368,1.6067792253318176,1.0,5.0,7.0,11.934,3.492569266336792,12.0,19.0,23.0,1.2072444786366103,0.5478346983018116,1.135481916497156,2.256544875787585,3.1074153699992166,0.17704103154400583,0.03956825225771873,0.17408202450133098,0.24142116509901818,0.3539703419992293,40.88380369322295,3.6583995196566432,39.750000000000114,47.64129189043624,58.000000000000455,9214.0,18.428,55.0,2639.0,5.278,18.0,846.0,1.692,10.0,1530.0,3.06,16.0,1530.0,3.06,16.0,341.0,0.2338411249173537,0.2249999999999999
r2apf,D,500,432,0.864,79,0.158,4908,451,344.40552253791975,0.07017227435572937,0.342,0.977213329720572,0.0,2.0,7.0,37.50087550929691,6.9142899580712465,38.40000000000017,45.47610022194069,53.3893670143045,375.258,68.90156956541088,384.0,457.0,534.0,3.3886495150363176,7.725396324687621,0.4545442895873386,24.707506643867195,32.08068117455158,9.816,3.287515706280059,9.5,16.0,25.0,0.902,1.4521064790341325,0.0,4.0,8.0,9.816,3.287515706280059,9.5,16.0,25.0,0.6888110450758395,0.33418747710320534,0.6441112729971792,1.2827454280455637,2.3418435029925604,0.1186613842299848,0.028301764071859557,0.11519212299936041,0.17015541019954974,0.2625409110005421,39.732915801392934,3.126234797286789,38.700000000000145,45.858674301003845,53.3893670143045,5301.0,10.602,59.0,1624.0,3.248,16.0,599.0,1.198,9.0,1050.0,2.1,16.0,1050.0,2.1,16.0,274.0,0.23891296514058938,0.2333333333333333
r2apf,E,500,428,0.856,98,0.196,5601,492,505.0510160681515,0.09017157937299616,0.386,0.9288323093636631,0.0,2.0,6.0,37.631182374679,7.449153175302091,38.80000000000005,46.23525895128886,56.51662568641259,376.578,74.27986883286516,388.0,463.0,567.0,3.6725654605591234,8.092266032800271,0.45555679487249223,24.84302638033313,32.60377129102351,11.202,3.6856973192950773,11.0,17.049999999999955,30.0,0.984,1.425414892313975,0.0,4.0,9.0,11.202,3.6856973192950773,11.0,17.049999999999955,30.0,1.010102032136303,0.4698494888413151,0.9582577895016584,1.8508238717458871,3.480032873012533,0.15374896258806256,0.03391956879811301,0.15063859949987085,0.20812792525066465,0.3310633010005404,40.205646607991106,3.274939114208048,39.200000000000095,46.56570867511349,56.51662568641259,7940.0,15.88,52.0,2285.0,4.57,16.0,716.0,1.432,12.0,1208.0,2.416,17.0,1208.0,2.416,17.0,308.0,0.23779055574742025,0.23124999999999996
rapf,A,500,389,0.778,120,0.24,5982,659,142.85980472702886,0.023881612291378945,0.694,1.6570623740290666,0.0,4.0,13.0,35.56373022802299,9.41960552407849,37.80000000000012,46.71205143406973,58.65817768677197,356.014,93.84935378793413,378.0,467.14999999999986,588.0,5.805756733453213,10.408275709750399,0.4629002230410141,29.640355078332608,35.0463710843148,11.964,5.757168921264682,11.0,23.0,36.0,1.318,1.7025490732115145,0.0,5.0,7.0,11.964,5.757168921264682,11.0,23.0,36.0,0.2857196094540577,0.1961253215158917,0.24257827049586922,0.671849872446546,1.2326183860059243,0.03765762353198984,0.011033227393783469,0.0373197635008182,0.05529103705002845,0.113250763999531,39.86774958859433,3.7231191999559354,38.60000000000012,47.60102956141716,58.65817768677197,,,,,,,,,,1317.0,2.634,14.0,1317.0,2.634,14.0,,,
rapf,B,500,406,0.812,154,0.308,7844,705,258.07652396402045,0.03290113768026778,2.65,35.8801654475713,0.0,6.0,802.0,37.20955297995958,9.01376487526384,38.50000000000009,48.16720734089215,57.17950910867688,374.07,93.82684078718736,385.0,482.04999999999995,1000.0,4.8940714193920165,9.582538516064513,0.46018768908966895,28.948578935629918,35.29060730883051,15.688,7.487240716518616,14.0,31.0,44.0,1.41,1.6021966384112383,1.0,5.0,7.0,15.688,7.487240716518616,14.0,31.0,44.0,0.516153047928041,0.32362272715403295,0.4536218849998477,1.1643353935443872,1.7485356890083494,0.052282793479986094,0.011938019932639498,0.052724257499903546,0.06942366030043551,0.0819966130002285,40.894447637445246,3.9961735826023825,39.95000000000009,48.222965363105416,57.17950910867688,,,,,,,,,,1410.0,2.82,14.0,1410.0,2.82,14.0,,,
rapf,C,500,350,0.7,203,0.406,9530,908,412.29393075315966,0.043262741946816334,4.86,50.86553849132067,0.0,8.0,834.0,35.26717492992866,11.214996922623918,38.20000000000013,48.21600452184944,70.21650928595162,356.372,118.66082081628117,383.0,487.0,1000.0,7.780230277826443,11.614694103586977,0.4720236341148749,30.7723169966504,35.70394047551239,19.06,9.258933832327717,17.0,38.0,60.0,1.816,1.8023987579237648,1.0,5.0,10.0,19.06,9.258933832327717,17.0,38.0,60.0,0.8245878615063194,0.5600051681694731,0.7217945884967776,1.9365539415013686,3.3388062700068986,0.06703112270396373,0.017083130127533507,0.0688602749996789,0.09036946040159814,0.1197032679992844,41.55178841757091,4.852457848021973,40.024456228314016,50.50224320290701,70.21650928595162,,,,,,,,,,1803.0,3.606,20.0,1803.0,3.606,20.0,,,
rapf,D,500,404,0.808,141,0.282,7027,652,204.20749024498582,0.02906040845951129,0.838,1.7578213423847964,0.0,4.0,12.0,36.56867389517238,9.184221044752348,38.20000000000006,47.52457216695633,55.35374204844097,366.026,91.5421063690199,382.0,476.0999999999999,554.0,5.138871982651461,9.995566359437712,0.4604687520128633,30.227858086434487,35.24798433962484,14.054,6.467669247184952,13.0,26.0,45.0,1.304,1.6002204256981734,1.0,4.0499999999999545,7.0,14.054,6.467669247184952,13.0,26.0,45.0,0.40841498048997166,0.2671280000482729,0.34480125700065395,0.8857121748538698,2.137320412999543,0.0455192108120827,0.01088446542738387,0.04525592350000805,0.061837451251085425,0.0874067519980599,40.386994232905764,3.8143009208103567,39.000000000000036,48.0994334117129,55.35374204844097,,,,,,,,,,1299.0,2.598,14.0,1299.0,2.598,14.0,,,
rapf,E,500,378,0.756,185,0.37,8738,815,327.3745111260869,0.03746561125269934,4.444,49.07569369273191,0.0,7.0,778.0,36.16516335878398,10.120812056994883,38.25000000000011,48.25463484177139,65.7224304453404,365.154,108.34454006882603,383.0,487.1999999999998,1000.0,6.393636474286805,10.81571844747241,0.466622155038634,30.140467809026347,35.51995519980581,17.476,8.05575660188773,16.0,33.0,48.0,1.63,1.7842272651957025,1.0,5.0,9.0,17.476,8.05575660188773,16.0,33.0,48.0,0.6547490222521738,0.40690310263414387,0.5900221534993761,1.3859149471585617,2.4406456430006074,0.05936867706401968,0.013733023763600617,0.059784714499983196,0.08245241434924534,0.0972026150011515,41.0900256338521,4.4680961636806895,39.750000000000114,49.69218446473938,65.7224304453404,,,,,,,,,,1626.0,3.252,18.0,1626.0,3.252,18.0,,,
rrt_star,A,500,500,1.0,83,0.166,4330,4,424.55218983999475,0.09804900458198493,0.468,1.3448394649075204,0.0,3.0499999999999545,12.0,43.18150141788706,5.2643050595933065,41.70000000000016,52.60500000000035,84.39999999999955,431.816,52.64432537309198,417.0,526.05,844.0,0.4478974255327355,0.029293800725960533,0.4452053617124485,0.49515617255892785,0.4992818594881818,8.66,2.778459947409485,8.0,14.0,19.0,0.008,0.08917344788453134,0.0,0.0,1.0,8.66,2.778459947409485,8.0,14.0,19.0,0.8491043796799895,0.45356201939672336,0.7855606189996251,1.6832416789496165,3.592525954998564,0.17572785603601732,0.07184028136026246,0.15917558600085605,0.31323182634919244,0.5679299019993778,43.18150141788706,5.2643050595933065,41.70000000000016,52.60500000000035,84.39999999999955,,,,,,,,,,,,,,,,,,
rrt_star,B,500,500,1.0,118,0.236,5339,7,701.0745897709912,0.13131196661752972,0.494,1.0565019606160564,0.0,3.0,7.0,44.03680000000018,6.009105128794025,42.5000000000001,55.600000000000335,76.49999999999989,440.368,60.091051287939536,425.0,556.0,765.0,0.45114981339103977,0.02763152634837234,0.4512082910826068,0.49448874294155626,0.4996756629528613,10.678,3.397263427759936,11.0,17.0,22.0,0.014,0.11760809209681664,0.0,0.0,1.0,10.678,3.397263427759936,11.0,17.0,22.0,1.4021491795419825,0.7743408879747613,1.226795572501942,2.7992861701509346,4.960581805995389,0.25094277871599113,0.10839642823894265,0.223944353000661,0.4811392945509396,0.7370037479995517,44.03680000000018,6.009105128794025,42.5000000000001,55.600000000000335,76.49999999999989,,,,,,,,,,,,,,,,,,
rrt_star,C,500,500,1.0,156,0.312,6317,10,1069.4925345280299,0.16930386805889344,0.716,1.314076708259598,0.0,3.0,10.0,45.219454339053904,7.008546614681248,43.10000000000008,57.905000000000456,89.29999999999934,452.198,70.08522435825324,431.0,579.05,893.0,0.45196651771366975,0.027709742887996974,0.4524945531442913,0.49357843865753037,0.4999759333545613,12.634,3.6086130543953736,12.0,19.0,25.0,0.02,0.14014021035061358,0.0,0.0,1.0,12.634,3.6086130543953736,12.0,19.0,25.0,2.13898506905606,1.0335870797610212,1.9321346540000377,4.111432242503633,6.913437720024376,0.3422001706259798,0.14239782235544163,0.3074369645000843,0.6108290986003332,1.3048977829967043,45.219454339053904,7.008546614681248,43.10000000000008,57.905000000000456,89.29999999999934,,,,,,,,,,,,,,,,,,
rrt_star,D,500,500,1.0,96,0.192,4896,3,560.4886352471003,0.11447888791811689,0.436,1.0526729028909987,0.0,3.0,6.0,43.29900000000017,5.076487017700571,42.00000000000019,52.40500000000037,74.29999999999991,432.99,50.764870177005044,420.0,524.05,743.0,0.45257094195065667,0.028050305655028397,0.45285032302373635,0.49589168724868293,0.4999363265372681,9.792,3.233209440567243,9.0,16.0,21.0,0.006,0.07730428127734981,0.0,0.0,1.0,9.792,3.233209440567243,9.0,16.0,21.0,1.1209772704942007,0.5807772873628898,1.0067988634982612,2.1336601734454232,4.6514292650063,0.2110503626900172,0.08440103183211284,0.1930407704967365,0.36068934500035504,0.8378685870011395,43.29900000000017,5.076487017700571,42.00000000000019,52.40500000000037,74.29999999999991,,,,,,,,,,,,,,,,,,
rrt_star,E,500,500,1.0,120,0.24,5915,12,881.7952111607628,0.14907780408465982,0.594,1.3463987444877974,0.0,3.0,10.0,44.41954572263672,6.2089811592914215,42.70000000000029,56.0100000000003,83.09999999999943,444.198,62.09117024864076,427.0,560.0999999999999,831.0,0.4481729311556968,0.028673316482866782,0.4462188234521359,0.4948018609680547,0.4998991317954148,11.83,3.4844487032428906,11.0,18.0,28.0,0.024,0.15320229072624056,0.0,0.0,1.0,11.83,3.4844487032428906,11.0,18.0,28.0,1.7635904223215257,0.944757674195371,1.55142355800308,3.3538172656928507,9.857152124990536,0.2920590513040079,0.12297393987501558,0.2621218125004816,0.5082748976492438,1.1436453120004444,44.41954572263672,6.2089811592914215,42.70000000000029,56.0100000000003,83.09999999999943,,,,,,,,,,,,,,,,,,
